{
  "bootstrap": {
    "iterations": 1000,
    "seed": 20260708
  },
  "ci": {
    "accuracy": [
      0.7073076923076924,
      0.8923076923076924
    ],
    "alignment_f1": [
      0.8925556261919898,
      0.9841331845238095
    ],
    "headline_f1": [
      0.9268252032520325,
      0.9726027397260275
    ],
    "macro_f1": [
      0.42841933248000325,
      0.8033480392156863
    ]
  },
  "classification": {
    "accuracy": 0.8,
    "confusion": {
      "amendment->amendment": 3,
      "cancellation->cancellation": 2,
      "inquiry->inquiry": 3,
      "new_order->amendment": 10,
      "new_order->new_order": 44,
      "other->cancellation": 1,
      "other->inquiry": 2
    },
    "eval_version": 3,
    "invalid_predictions": 0,
    "macro_f1": 0.5645918367346938,
    "order_missed": 0,
    "order_missed_rate": 0.0,
    "per_class": {
      "amendment": {
        "f1": 0.375,
        "precision": 0.23076923076923078,
        "recall": 1.0,
        "support": 3
      },
      "cancellation": {
        "f1": 0.8,
        "precision": 0.6666666666666666,
        "recall": 1.0,
        "support": 2
      },
      "inquiry": {
        "f1": 0.7499999999999999,
        "precision": 0.6,
        "recall": 1.0,
        "support": 3
      },
      "new_order": {
        "f1": 0.8979591836734693,
        "precision": 1.0,
        "recall": 0.8148148148148148,
        "support": 54
      },
      "other": {
        "f1": 0.0,
        "precision": 0.0,
        "recall": 0.0,
        "support": 3
      }
    },
    "records": 65
  },
  "dataset": {
    "n": 65,
    "n_extraction": 57,
    "sha256": "c29bd15c281aa056cd6252bcdc120b6bab0fb7d38ef93fc50154afeaae521fe0"
  },
  "eval_version": 3,
  "extraction": {
    "alignment": {
      "f1": 0.9448818897637796,
      "gold_items": 62,
      "greedy_runs": 0,
      "matched": 60,
      "precision": 0.9230769230769231,
      "pred_items": 65,
      "product_tp": 60,
      "recall": 0.967741935483871
    },
    "eval_version": 3,
    "fields": {
      "buyer_name_text": {
        "accuracy": 0.9649122807017544,
        "f1": 0.9818181818181818,
        "fn": 0,
        "fp": 2,
        "hallucination": 2,
        "hallucination_rate": 0.6666666666666666,
        "miss": 0,
        "null_agree": 1,
        "precision": 0.9642857142857143,
        "recall": 1.0,
        "strict_rate": 1.0,
        "tp": 54,
        "wrong": 0
      },
      "customer_po_text": {
        "accuracy": 1.0,
        "f1": 1.0,
        "fn": 0,
        "fp": 0,
        "hallucination": 0,
        "hallucination_rate": 0.0,
        "miss": 0,
        "null_agree": 22,
        "precision": 1.0,
        "recall": 1.0,
        "strict_rate": 1.0,
        "tp": 35,
        "wrong": 0
      },
      "delivery_address_text": {
        "accuracy": 0.9298245614035088,
        "f1": 0.787878787878788,
        "fn": 4,
        "fp": 3,
        "hallucination": 0,
        "hallucination_rate": 0.0,
        "miss": 1,
        "null_agree": 40,
        "precision": 0.8125,
        "recall": 0.7647058823529411,
        "strict_rate": 1.0,
        "tp": 13,
        "wrong": 3
      },
      "product_text": {
        "accuracy": 0.8955223880597015,
        "f1": 0.9448818897637796,
        "fn": 2,
        "fp": 5,
        "hallucination": 5,
        "hallucination_rate": 1.0,
        "miss": 2,
        "null_agree": 0,
        "precision": 0.9230769230769231,
        "recall": 0.967741935483871,
        "strict_rate": 0.9833333333333333,
        "tp": 60,
        "wrong": 0
      },
      "quantity": {
        "accuracy": 0.9193548387096774,
        "f1": 0.9557522123893806,
        "fn": 0,
        "fp": 5,
        "hallucination": 5,
        "hallucination_rate": 0.625,
        "miss": 0,
        "null_agree": 3,
        "precision": 0.9152542372881356,
        "recall": 1.0,
        "strict_rate": 1.0,
        "tp": 54,
        "wrong": 0
      },
      "requested_date_text": {
        "accuracy": 0.9298245614035088,
        "f1": 0.7058823529411765,
        "fn": 2,
        "fp": 3,
        "hallucination": 2,
        "hallucination_rate": 0.04081632653061224,
        "miss": 1,
        "null_agree": 47,
        "precision": 0.6666666666666666,
        "recall": 0.75,
        "strict_rate": 1.0,
        "tp": 6,
        "wrong": 1
      },
      "unit_price_text": {
        "accuracy": 1.0,
        "f1": 1.0,
        "fn": 0,
        "fp": 0,
        "hallucination": 0,
        "hallucination_rate": 0.0,
        "miss": 0,
        "null_agree": 52,
        "precision": 1.0,
        "recall": 1.0,
        "strict_rate": 1.0,
        "tp": 8,
        "wrong": 0
      },
      "unit_text": {
        "accuracy": 0.9508196721311475,
        "f1": 0.970873786407767,
        "fn": 0,
        "fp": 3,
        "hallucination": 3,
        "hallucination_rate": 0.2727272727272727,
        "miss": 0,
        "null_agree": 8,
        "precision": 0.9433962264150944,
        "recall": 1.0,
        "strict_rate": 1.0,
        "tp": 50,
        "wrong": 0
      }
    },
    "headline": {
      "f1": 0.9507640067911715,
      "fn": 8,
      "fp": 21,
      "hallucination_rate": 0.08947368421052632,
      "precision": 0.9302325581395349,
      "recall": 0.9722222222222222,
      "strict_rate": 0.9964285714285714,
      "tp": 280
    },
    "notes": {
      "item_notes": {
        "null_agree": 42,
        "token_f1": 0.0,
        "token_fn": 52,
        "token_fp": 97,
        "token_precision": 0.0,
        "token_recall": 0.0,
        "token_tp": 0
      },
      "notes": {
        "null_agree": 36,
        "token_f1": 0.25365853658536586,
        "token_fn": 3,
        "token_fp": 150,
        "token_precision": 0.14772727272727273,
        "token_recall": 0.896551724137931,
        "token_tp": 26
      }
    },
    "records": 57,
    "validity": {
      "attempted": 57,
      "attempted_rate": 1.0,
      "extraction_on_non_gold": 0,
      "parse_rate": 1.0,
      "parsed": 57,
      "repair_rate": 0.0,
      "repair_used": 0
    }
  },
  "item_semantics": null,
  "predictor": "qwen3-4b-sft-full-r8-xgrammar",
  "slices": {
    "class:amendment": {
      "accuracy": 1.0,
      "alignment_f1": 0.5,
      "headline_f1": 0.7200000000000001,
      "n": 3,
      "n_extraction": 3
    },
    "class:cancellation": {
      "accuracy": 1.0,
      "n": 2,
      "n_extraction": 0
    },
    "class:inquiry": {
      "accuracy": 1.0,
      "n": 3,
      "n_extraction": 0
    },
    "class:new_order": {
      "accuracy": 0.8148148148148148,
      "alignment_f1": 0.959349593495935,
      "headline_f1": 0.9609929078014185,
      "n": 54,
      "n_extraction": 54
    },
    "class:other": {
      "accuracy": 0.0,
      "n": 3,
      "n_extraction": 0
    }
  },
  "source": "human",
  "trap_items": null
}
